Recovery,Feed Flow,Stage1 RR,Stage2 RR,Stage3 RR,Stage1 Qin (m3/s),Stage2 Qin (m3/s),Stage3 Qin (m3/s),Stage1 Brine (m3/s),Stage2 Brine (m3/s),Stage3 Brine (m3/s),Stage1 Pin (Pa),Stage2 Pin (Pa),Stage3 Pin (Pa),Stage1 Pout (Pa),Stage2 Pout (Pa),Stage3 Pout (Pa),Total Power (W),Stage1 Power (W),Stage2 Power (W),Stage3 Power (W),Stage1 First Elem. Prod. (m3/s),Stage2 First Elem. Prod. (m3/s),Stage3 First Elem. Prod. (m3/s),Stage1 Perm. Conc. (kg/m3),Stage2 Perm. Conc. (kg/m3),Stage3 Perm. Conc. (kg/m3),Stage1 Pump Speed (-),Stage2 Pump Speed (-),Total Perm. Conc. (kg/m3)
8.90E-01,1.45E-01,5.54E-01,5.87E-01,4.03E-01,1.45E-01,6.47E-02,2.67E-02,6.47E-02,2.67E-02,1.60E-02,2.44E+05,7.54E+05,6.74E+05,8.28E+05,1.00E+06,7.63E+05,1.58E+05,1.33E+05,2.16E+04,3.41E+03,1.74E-04,1.99E-04,1.26E-04,1.41E-02,1.82E-02,1.67E-01,8.47E-01,1.00E+00,2.81E-02
8.90E-01,1.51E-01,5.57E-01,5.87E-01,3.98E-01,1.51E-01,6.69E-02,2.76E-02,6.69E-02,2.76E-02,1.66E-02,2.44E+05,7.84E+05,6.99E+05,8.58E+05,1.03E+06,7.72E+05,1.70E+05,1.45E+05,2.19E+04,2.91E+03,1.82E-04,2.05E-04,1.28E-04,1.35E-02,1.78E-02,1.64E-01,8.70E-01,1.00E+00,2.71E-02
8.90E-01,1.57E-01,5.61E-01,5.87E-01,3.93E-01,1.57E-01,6.91E-02,2.86E-02,6.91E-02,2.86E-02,1.73E-02,2.44E+05,8.14E+05,7.24E+05,8.88E+05,1.05E+06,7.81E+05,1.82E+05,1.58E+05,2.21E+04,2.34E+03,1.90E-04,2.11E-04,1.30E-04,1.30E-02,1.74E-02,1.61E-01,8.94E-01,1.00E+00,2.62E-02
8.90E-01,1.64E-01,5.64E-01,5.87E-01,3.89E-01,1.64E-01,7.13E-02,2.95E-02,7.13E-02,2.95E-02,1.80E-02,2.44E+05,8.44E+05,7.48E+05,9.18E+05,1.08E+06,7.89E+05,1.95E+05,1.71E+05,2.23E+04,1.73E+03,1.98E-04,2.17E-04,1.32E-04,1.25E-02,1.71E-02,1.59E-01,9.17E-01,1.00E+00,2.53E-02
8.90E-01,1.70E-01,5.68E-01,5.87E-01,3.84E-01,1.70E-01,7.34E-02,3.04E-02,7.34E-02,3.04E-02,1.87E-02,2.44E+05,8.74E+05,7.73E+05,9.48E+05,1.10E+06,7.97E+05,2.09E+05,1.85E+05,2.26E+04,1.06E+03,2.06E-04,2.23E-04,1.34E-04,1.21E-02,1.67E-02,1.57E-01,9.40E-01,1.00E+00,2.46E-02
8.90E-01,1.76E-01,5.71E-01,5.87E-01,3.80E-01,1.76E-01,7.56E-02,3.12E-02,7.56E-02,3.12E-02,1.94E-02,2.44E+05,9.04E+05,7.97E+05,9.78E+05,1.13E+06,8.05E+05,2.23E+05,2.00E+05,2.28E+04,3.54E+02,2.14E-04,2.29E-04,1.36E-04,1.17E-02,1.64E-02,1.55E-01,9.63E-01,1.00E+00,2.39E-02
8.97E-01,1.45E-01,5.56E-01,5.91E-01,4.32E-01,1.45E-01,6.44E-02,2.63E-02,6.44E-02,2.63E-02,1.49E-02,2.44E+05,7.57E+05,6.77E+05,8.30E+05,1.01E+06,7.96E+05,1.60E+05,1.34E+05,2.15E+04,4.47E+03,1.74E-04,1.99E-04,1.34E-04,1.41E-02,1.84E-02,1.65E-01,8.48E-01,1.00E+00,2.85E-02
8.97E-01,1.51E-01,5.60E-01,5.91E-01,4.28E-01,1.51E-01,6.66E-02,2.72E-02,6.66E-02,2.72E-02,1.56E-02,2.44E+05,7.87E+05,7.02E+05,8.60E+05,1.03E+06,8.06E+05,1.72E+05,1.46E+05,2.18E+04,4.04E+03,1.82E-04,2.06E-04,1.37E-04,1.35E-02,1.80E-02,1.62E-01,8.72E-01,1.00E+00,2.76E-02
8.97E-01,1.57E-01,5.63E-01,5.91E-01,4.23E-01,1.57E-01,6.88E-02,2.81E-02,6.88E-02,2.81E-02,1.62E-02,2.44E+05,8.16E+05,7.27E+05,8.90E+05,1.06E+06,8.16E+05,1.84E+05,1.59E+05,2.21E+04,3.56E+03,1.90E-04,2.12E-04,1.39E-04,1.30E-02,1.76E-02,1.60E-01,8.95E-01,1.00E+00,2.67E-02
8.97E-01,1.64E-01,5.67E-01,5.91E-01,4.19E-01,1.64E-01,7.09E-02,2.90E-02,7.09E-02,2.90E-02,1.69E-02,2.44E+05,8.47E+05,7.52E+05,9.20E+05,1.08E+06,8.25E+05,1.97E+05,1.72E+05,2.23E+04,3.02E+03,1.98E-04,2.18E-04,1.41E-04,1.25E-02,1.72E-02,1.57E-01,9.19E-01,1.00E+00,2.58E-02
8.97E-01,1.70E-01,5.70E-01,5.91E-01,4.15E-01,1.70E-01,7.31E-02,2.99E-02,7.31E-02,2.99E-02,1.75E-02,2.44E+05,8.77E+05,7.76E+05,9.51E+05,1.11E+06,8.34E+05,2.11E+05,1.86E+05,2.25E+04,2.44E+03,2.07E-04,2.24E-04,1.43E-04,1.21E-02,1.69E-02,1.55E-01,9.42E-01,1.00E+00,2.51E-02
8.97E-01,1.76E-01,5.73E-01,5.91E-01,4.11E-01,1.76E-01,7.52E-02,3.08E-02,7.52E-02,3.08E-02,1.81E-02,2.44E+05,9.07E+05,8.01E+05,9.81E+05,1.13E+06,8.42E+05,2.25E+05,2.01E+05,2.27E+04,1.81E+03,2.15E-04,2.30E-04,1.46E-04,1.16E-02,1.66E-02,1.53E-01,9.65E-01,1.00E+00,2.43E-02
9.04E-01,1.45E-01,5.58E-01,5.96E-01,4.63E-01,1.45E-01,6.41E-02,2.59E-02,6.41E-02,2.59E-02,1.39E-02,2.44E+05,7.59E+05,6.80E+05,8.33E+05,1.01E+06,8.30E+05,1.61E+05,1.34E+05,2.15E+04,5.54E+03,1.75E-04,2.00E-04,1.43E-04,1.41E-02,1.85E-02,1.65E-01,8.50E-01,1.00E+00,2.92E-02
9.04E-01,1.51E-01,5.62E-01,5.96E-01,4.58E-01,1.51E-01,6.63E-02,2.68E-02,6.63E-02,2.68E-02,1.45E-02,2.44E+05,7.89E+05,7.05E+05,8.63E+05,1.04E+06,8.41E+05,1.73E+05,1.46E+05,2.18E+04,5.18E+03,1.83E-04,2.06E-04,1.46E-04,1.35E-02,1.81E-02,1.62E-01,8.73E-01,1.00E+00,2.82E-02
9.04E-01,1.57E-01,5.65E-01,5.95E-01,4.54E-01,1.57E-01,6.84E-02,2.77E-02,6.84E-02,2.77E-02,1.51E-02,2.44E+05,8.19E+05,7.31E+05,8.93E+05,1.06E+06,8.51E+05,1.86E+05,1.59E+05,2.20E+04,4.78E+03,1.91E-04,2.13E-04,1.48E-04,1.30E-02,1.77E-02,1.59E-01,8.97E-01,1.00E+00,2.73E-02
9.04E-01,1.64E-01,5.69E-01,5.95E-01,4.50E-01,1.64E-01,7.06E-02,2.86E-02,7.06E-02,2.86E-02,1.57E-02,2.44E+05,8.49E+05,7.55E+05,9.23E+05,1.09E+06,8.61E+05,1.99E+05,1.73E+05,2.23E+04,4.32E+03,1.99E-04,2.19E-04,1.51E-04,1.25E-02,1.74E-02,1.57E-01,9.20E-01,1.00E+00,2.64E-02
9.04E-01,1.70E-01,5.72E-01,5.95E-01,4.46E-01,1.70E-01,7.27E-02,2.94E-02,7.27E-02,2.94E-02,1.63E-02,2.44E+05,8.80E+05,7.80E+05,9.53E+05,1.11E+06,8.71E+05,2.13E+05,1.87E+05,2.25E+04,3.82E+03,2.07E-04,2.25E-04,1.53E-04,1.21E-02,1.70E-02,1.55E-01,9.43E-01,1.00E+00,2.57E-02
9.04E-01,1.76E-01,5.75E-01,5.95E-01,4.42E-01,1.76E-01,7.48E-02,3.03E-02,7.48E-02,3.03E-02,1.69E-02,2.44E+05,9.10E+05,8.05E+05,9.84E+05,1.13E+06,8.80E+05,2.27E+05,2.02E+05,2.27E+04,3.28E+03,2.16E-04,2.31E-04,1.56E-04,1.16E-02,1.67E-02,1.52E-01,9.66E-01,1.00E+00,2.48E-02
9.11E-01,1.45E-01,5.60E-01,6.00E-01,4.94E-01,1.45E-01,6.37E-02,2.55E-02,6.37E-02,2.55E-02,1.29E-02,2.44E+05,7.62E+05,6.83E+05,8.36E+05,1.01E+06,8.65E+05,1.63E+05,1.35E+05,2.15E+04,6.62E+03,1.76E-04,2.01E-04,1.52E-04,1.40E-02,1.87E-02,1.66E-01,8.51E-01,1.00E+00,2.99E-02
9.11E-01,1.51E-01,5.64E-01,6.00E-01,4.90E-01,1.51E-01,6.59E-02,2.64E-02,6.59E-02,2.64E-02,1.35E-02,2.44E+05,7.92E+05,7.09E+05,8.66E+05,1.04E+06,8.77E+05,1.75E+05,1.47E+05,2.17E+04,6.34E+03,1.84E-04,2.07E-04,1.55E-04,1.35E-02,1.83E-02,1.63E-01,8.75E-01,1.00E+00,2.89E-02
9.11E-01,1.57E-01,5.68E-01,6.00E-01,4.86E-01,1.57E-01,6.81E-02,2.72E-02,6.81E-02,2.72E-02,1.40E-02,2.44E+05,8.22E+05,7.34E+05,8.96E+05,1.06E+06,8.88E+05,1.88E+05,1.60E+05,2.20E+04,6.01E+03,1.92E-04,2.13E-04,1.58E-04,1.30E-02,1.79E-02,1.60E-01,8.99E-01,1.00E+00,2.80E-02
9.11E-01,1.64E-01,5.71E-01,6.00E-01,4.82E-01,1.64E-01,7.02E-02,2.81E-02,7.02E-02,2.81E-02,1.46E-02,2.44E+05,8.52E+05,7.59E+05,9.26E+05,1.09E+06,8.99E+05,2.01E+05,1.73E+05,2.22E+04,5.63E+03,2.00E-04,2.20E-04,1.61E-04,1.25E-02,1.75E-02,1.58E-01,9.22E-01,1.00E+00,2.71E-02
9.11E-01,1.70E-01,5.74E-01,6.00E-01,4.78E-01,1.70E-01,7.24E-02,2.89E-02,7.24E-02,2.89E-02,1.51E-02,2.44E+05,8.83E+05,7.84E+05,9.56E+05,1.11E+06,9.10E+05,2.15E+05,1.88E+05,2.25E+04,5.21E+03,2.08E-04,2.26E-04,1.63E-04,1.20E-02,1.72E-02,1.55E-01,9.45E-01,1.00E+00,2.62E-02
9.11E-01,1.76E-01,5.77E-01,6.00E-01,4.74E-01,1.76E-01,7.45E-02,2.98E-02,7.45E-02,2.98E-02,1.57E-02,2.44E+05,9.13E+05,8.09E+05,9.87E+05,1.14E+06,9.20E+05,2.30E+05,2.02E+05,2.27E+04,4.75E+03,2.16E-04,2.32E-04,1.66E-04,1.16E-02,1.69E-02,1.53E-01,9.68E-01,1.00E+00,2.55E-02
9.18E-01,1.45E-01,nan,nan,nan,nan,nan,nan,nan,nan,nan,nan,nan,nan,nan,nan,nan,nan,nan,nan,nan,nan,nan,nan,nan,nan,nan,nan,nan,nan
9.18E-01,1.51E-01,nan,nan,nan,nan,nan,nan,nan,nan,nan,nan,nan,nan,nan,nan,nan,nan,nan,nan,nan,nan,nan,nan,nan,nan,nan,nan,nan,nan
9.18E-01,1.57E-01,5.70E-01,6.05E-01,5.18E-01,1.57E-01,6.77E-02,2.68E-02,6.77E-02,2.68E-02,1.29E-02,2.44E+05,8.25E+05,7.38E+05,8.99E+05,1.07E+06,9.28E+05,1.90E+05,1.61E+05,2.19E+04,7.26E+03,1.93E-04,2.14E-04,1.68E-04,1.29E-02,1.81E-02,1.62E-01,9.00E-01,1.00E+00,2.87E-02
9.18E-01,1.64E-01,5.73E-01,6.05E-01,5.14E-01,1.64E-01,6.99E-02,2.76E-02,6.99E-02,2.76E-02,1.34E-02,2.44E+05,8.55E+05,7.63E+05,9.29E+05,1.09E+06,9.40E+05,2.03E+05,1.74E+05,2.22E+04,6.96E+03,2.01E-04,2.20E-04,1.71E-04,1.25E-02,1.77E-02,1.59E-01,9.23E-01,1.00E+00,2.78E-02
9.18E-01,1.70E-01,5.76E-01,6.05E-01,5.10E-01,1.70E-01,7.20E-02,2.84E-02,7.20E-02,2.84E-02,1.39E-02,2.44E+05,8.86E+05,7.88E+05,9.59E+05,1.12E+06,9.51E+05,2.18E+05,1.88E+05,2.24E+04,6.62E+03,2.09E-04,2.27E-04,1.74E-04,1.20E-02,1.73E-02,1.57E-01,9.47E-01,1.00E+00,2.69E-02
9.18E-01,1.76E-01,5.79E-01,6.05E-01,5.07E-01,1.76E-01,7.41E-02,2.93E-02,7.41E-02,2.93E-02,1.44E-02,2.44E+05,9.16E+05,8.13E+05,9.90E+05,1.14E+06,9.62E+05,2.32E+05,2.03E+05,2.26E+04,6.24E+03,2.17E-04,2.33E-04,1.77E-04,1.16E-02,1.70E-02,1.54E-01,9.69E-01,1.00E+00,2.62E-02
9.25E-01,1.45E-01,nan,nan,nan,nan,nan,nan,nan,nan,nan,nan,nan,nan,nan,nan,nan,nan,nan,nan,nan,nan,nan,nan,nan,nan,nan,nan,nan,nan
9.25E-01,1.51E-01,nan,nan,nan,nan,nan,nan,nan,nan,nan,nan,nan,nan,nan,nan,nan,nan,nan,nan,nan,nan,nan,nan,nan,nan,nan,nan,nan,nan
9.25E-01,1.57E-01,nan,nan,nan,nan,nan,nan,nan,nan,nan,nan,nan,nan,nan,nan,nan,nan,nan,nan,nan,nan,nan,nan,nan,nan,nan,nan,nan,nan
9.25E-01,1.64E-01,nan,nan,nan,nan,nan,nan,nan,nan,nan,nan,nan,nan,nan,nan,nan,nan,nan,nan,nan,nan,nan,nan,nan,nan,nan,nan,nan,nan
9.25E-01,1.70E-01,5.79E-01,6.10E-01,5.44E-01,1.70E-01,7.16E-02,2.79E-02,7.16E-02,2.79E-02,1.27E-02,2.44E+05,8.89E+05,7.92E+05,9.63E+05,1.12E+06,9.95E+05,2.20E+05,1.89E+05,2.24E+04,8.07E+03,2.10E-04,2.28E-04,1.85E-04,1.20E-02,1.75E-02,1.60E-01,9.48E-01,1.00E+00,2.78E-02
9.25E-01,1.76E-01,5.82E-01,6.10E-01,5.40E-01,1.76E-01,7.37E-02,2.87E-02,7.37E-02,2.87E-02,1.32E-02,2.44E+05,9.19E+05,8.17E+05,9.93E+05,1.15E+06,1.01E+06,2.35E+05,2.04E+05,2.26E+04,7.77E+03,2.18E-04,2.34E-04,1.88E-04,1.16E-02,1.72E-02,1.57E-01,9.71E-01,1.00E+00,2.70E-02
