Recovery,Feed Flow,Stage1 RR,Stage2 RR,Stage3 RR,Stage1 Qin (m3/s),Stage2 Qin (m3/s),Stage3 Qin (m3/s),Stage1 Brine (m3/s),Stage2 Brine (m3/s),Stage3 Brine (m3/s),Stage1 Pin (Pa),Stage2 Pin (Pa),Stage3 Pin (Pa),Stage1 Pout (Pa),Stage2 Pout (Pa),Stage3 Pout (Pa),Total Power (W),Stage1 Power (W),Stage2 Power (W),Stage3 Power (W),Stage1 First Elem. Prod. (m3/s),Stage2 First Elem. Prod. (m3/s),Stage3 First Elem. Prod. (m3/s),Stage1 Perm. Conc. (kg/m3),Stage2 Perm. Conc. (kg/m3),Stage3 Perm. Conc. (kg/m3),Stage1 Pump Speed (-),Stage2 Pump Speed (-)
8.80E-01,1.45E-01,5.63E-01,6.05E-01,3.04E-01,1.45E-01,6.34E-02,2.50E-02,6.34E-02,2.50E-02,1.74E-02,2.44E+05,7.65E+05,6.87E+05,8.39E+05,1.02E+06,6.54E+05,1.55E+05,1.36E+05,2.14E+04,-1.65E+03,1.76E-04,2.02E-04,8.97E-05,1.40E-02,1.89E-02,2.24E-01,8.53E-01,1.00E+00
8.80E-01,1.51E-01,5.71E-01,6.14E-01,2.74E-01,1.51E-01,6.48E-02,2.50E-02,6.48E-02,2.50E-02,1.81E-02,2.44E+05,8.00E+05,7.20E+05,8.74E+05,1.05E+06,6.34E+05,1.67E+05,1.49E+05,2.16E+04,-4.29E+03,1.86E-04,2.09E-04,8.12E-05,1.34E-02,1.89E-02,2.50E-01,8.80E-01,1.00E+00
8.80E-01,1.57E-01,5.78E-01,6.22E-01,2.47E-01,1.57E-01,6.64E-02,2.51E-02,6.64E-02,2.51E-02,1.89E-02,2.44E+05,8.35E+05,7.52E+05,9.09E+05,1.08E+06,6.16E+05,1.79E+05,1.64E+05,2.18E+04,-6.82E+03,1.95E-04,2.17E-04,7.35E-05,1.29E-02,1.88E-02,2.79E-01,9.06E-01,1.00E+00
8.80E-01,1.64E-01,5.81E-01,6.22E-01,2.42E-01,1.64E-01,6.85E-02,2.59E-02,6.85E-02,2.59E-02,1.96E-02,2.44E+05,8.66E+05,7.77E+05,9.39E+05,1.11E+06,6.20E+05,1.91E+05,1.77E+05,2.20E+04,-8.14E+03,2.04E-04,2.23E-04,7.43E-05,1.24E-02,1.84E-02,2.76E-01,9.29E-01,1.00E+00
8.80E-01,1.70E-01,nan,nan,nan,nan,nan,nan,nan,nan,nan,nan,nan,nan,nan,nan,nan,nan,nan,nan,nan,nan,nan,nan,nan,nan,nan,nan,nan
8.80E-01,1.76E-01,nan,nan,nan,nan,nan,nan,nan,nan,nan,nan,nan,nan,nan,nan,nan,nan,nan,nan,nan,nan,nan,nan,nan,nan,nan,nan,nan
8.89E-01,1.45E-01,5.63E-01,6.05E-01,3.56E-01,1.45E-01,6.34E-02,2.50E-02,6.34E-02,2.50E-02,1.61E-02,2.44E+05,7.65E+05,6.87E+05,8.39E+05,1.02E+06,7.10E+05,1.58E+05,1.36E+05,2.14E+04,1.11E+03,1.76E-04,2.02E-04,1.06E-04,1.40E-02,1.89E-02,2.03E-01,8.53E-01,1.00E+00
8.89E-01,1.51E-01,5.71E-01,6.14E-01,3.29E-01,1.51E-01,6.48E-02,2.50E-02,6.48E-02,2.50E-02,1.68E-02,2.44E+05,8.00E+05,7.20E+05,8.74E+05,1.05E+06,6.92E+05,1.70E+05,1.49E+05,2.16E+04,-1.40E+03,1.86E-04,2.09E-04,9.76E-05,1.34E-02,1.89E-02,2.22E-01,8.80E-01,1.00E+00
8.89E-01,1.57E-01,5.79E-01,6.23E-01,3.01E-01,1.57E-01,6.63E-02,2.50E-02,6.63E-02,2.50E-02,1.75E-02,2.44E+05,8.36E+05,7.52E+05,9.10E+05,1.08E+06,6.74E+05,1.82E+05,1.64E+05,2.18E+04,-3.92E+03,1.96E-04,2.17E-04,8.96E-05,1.29E-02,1.88E-02,2.45E-01,9.07E-01,1.00E+00
8.89E-01,1.64E-01,5.83E-01,6.26E-01,2.88E-01,1.64E-01,6.82E-02,2.55E-02,6.82E-02,2.55E-02,1.82E-02,2.44E+05,8.68E+05,7.80E+05,9.42E+05,1.11E+06,6.70E+05,1.94E+05,1.78E+05,2.20E+04,-5.61E+03,2.04E-04,2.24E-04,8.74E-05,1.24E-02,1.85E-02,2.52E-01,9.31E-01,1.00E+00
8.89E-01,1.70E-01,nan,nan,nan,nan,nan,nan,nan,nan,nan,nan,nan,nan,nan,nan,nan,nan,nan,nan,nan,nan,nan,nan,nan,nan,nan,nan,nan
8.89E-01,1.76E-01,5.89E-01,6.25E-01,2.80E-01,1.76E-01,7.24E-02,2.72E-02,7.24E-02,2.72E-02,1.95E-02,2.44E+05,9.29E+05,8.30E+05,1.00E+06,1.16E+06,6.81E+05,2.21E+05,2.07E+05,2.25E+04,-8.14E+03,2.21E-04,2.37E-04,8.96E-05,1.16E-02,1.78E-02,2.46E-01,9.76E-01,1.00E+00
8.98E-01,1.45E-01,5.63E-01,6.05E-01,4.08E-01,1.45E-01,6.34E-02,2.50E-02,6.34E-02,2.50E-02,1.48E-02,2.44E+05,7.65E+05,6.87E+05,8.39E+05,1.02E+06,7.66E+05,1.61E+05,1.36E+05,2.14E+04,3.95E+03,1.76E-04,2.02E-04,1.22E-04,1.40E-02,1.89E-02,1.88E-01,8.53E-01,1.00E+00
8.98E-01,1.51E-01,5.71E-01,6.14E-01,3.83E-01,1.51E-01,6.48E-02,2.50E-02,6.48E-02,2.50E-02,1.54E-02,2.44E+05,8.00E+05,7.20E+05,8.74E+05,1.05E+06,7.51E+05,1.73E+05,1.49E+05,2.16E+04,1.56E+03,1.86E-04,2.09E-04,1.15E-04,1.34E-02,1.89E-02,2.03E-01,8.80E-01,1.00E+00
8.98E-01,1.57E-01,5.79E-01,6.23E-01,3.58E-01,1.57E-01,6.63E-02,2.50E-02,6.63E-02,2.50E-02,1.61E-02,2.44E+05,8.36E+05,7.52E+05,9.10E+05,1.08E+06,7.35E+05,1.85E+05,1.64E+05,2.18E+04,-8.42E+02,1.96E-04,2.17E-04,1.07E-04,1.29E-02,1.88E-02,2.20E-01,9.07E-01,1.00E+00
8.98E-01,1.64E-01,5.86E-01,6.31E-01,3.33E-01,1.64E-01,6.78E-02,2.50E-02,6.78E-02,2.50E-02,1.67E-02,2.44E+05,8.71E+05,7.84E+05,9.45E+05,1.11E+06,7.20E+05,1.98E+05,1.79E+05,2.20E+04,-3.22E+03,2.05E-04,2.25E-04,9.99E-05,1.24E-02,1.87E-02,2.39E-01,9.32E-01,1.00E+00
8.98E-01,1.70E-01,5.89E-01,6.31E-01,3.29E-01,1.70E-01,6.99E-02,2.58E-02,6.99E-02,2.58E-02,1.73E-02,2.44E+05,9.02E+05,8.10E+05,9.76E+05,1.14E+06,7.26E+05,2.11E+05,1.93E+05,2.22E+04,-4.30E+03,2.13E-04,2.31E-04,1.01E-04,1.20E-02,1.83E-02,2.35E-01,9.55E-01,1.00E+00
8.98E-01,1.76E-01,5.91E-01,6.30E-01,3.25E-01,1.76E-01,7.20E-02,2.66E-02,7.20E-02,2.66E-02,1.80E-02,2.44E+05,9.32E+05,8.35E+05,1.01E+06,1.17E+06,7.33E+05,2.25E+05,2.08E+05,2.24E+04,-5.44E+03,2.22E-04,2.38E-04,1.03E-04,1.16E-02,1.80E-02,2.32E-01,9.78E-01,1.00E+00
9.07E-01,1.45E-01,5.63E-01,6.05E-01,4.61E-01,1.45E-01,6.34E-02,2.50E-02,6.34E-02,2.50E-02,1.35E-02,2.44E+05,7.65E+05,6.87E+05,8.39E+05,1.02E+06,8.25E+05,1.64E+05,1.36E+05,2.14E+04,6.89E+03,1.76E-04,2.02E-04,1.39E-04,1.40E-02,1.89E-02,1.77E-01,8.53E-01,1.00E+00
9.07E-01,1.51E-01,5.71E-01,6.14E-01,4.37E-01,1.51E-01,6.48E-02,2.50E-02,6.48E-02,2.50E-02,1.41E-02,2.44E+05,8.00E+05,7.20E+05,8.74E+05,1.05E+06,8.12E+05,1.76E+05,1.49E+05,2.16E+04,4.61E+03,1.86E-04,2.09E-04,1.32E-04,1.34E-02,1.89E-02,1.90E-01,8.80E-01,1.00E+00
9.07E-01,1.57E-01,5.79E-01,6.23E-01,4.14E-01,1.57E-01,6.63E-02,2.50E-02,6.63E-02,2.50E-02,1.46E-02,2.44E+05,8.36E+05,7.52E+05,9.10E+05,1.08E+06,7.99E+05,1.88E+05,1.64E+05,2.18E+04,2.33E+03,1.96E-04,2.17E-04,1.25E-04,1.29E-02,1.88E-02,2.03E-01,9.07E-01,1.00E+00
9.07E-01,1.64E-01,5.86E-01,6.31E-01,3.91E-01,1.64E-01,6.78E-02,2.50E-02,6.78E-02,2.50E-02,1.52E-02,2.44E+05,8.72E+05,7.84E+05,9.45E+05,1.11E+06,7.85E+05,2.01E+05,1.79E+05,2.20E+04,4.49E+01,2.05E-04,2.25E-04,1.18E-04,1.24E-02,1.87E-02,2.17E-01,9.32E-01,1.00E+00
9.07E-01,1.70E-01,5.91E-01,6.36E-01,3.74E-01,1.70E-01,6.94E-02,2.52E-02,6.94E-02,2.52E-02,1.58E-02,2.44E+05,9.05E+05,8.14E+05,9.79E+05,1.14E+06,7.78E+05,2.14E+05,1.94E+05,2.21E+04,-1.82E+03,2.14E-04,2.32E-04,1.14E-04,1.20E-02,1.86E-02,2.27E-01,9.57E-01,1.00E+00
9.07E-01,1.76E-01,5.94E-01,6.36E-01,3.71E-01,1.76E-01,7.15E-02,2.60E-02,7.15E-02,2.60E-02,1.64E-02,2.44E+05,9.36E+05,8.40E+05,1.01E+06,1.17E+06,7.86E+05,2.29E+05,2.09E+05,2.24E+04,-2.81E+03,2.23E-04,2.39E-04,1.16E-04,1.16E-02,1.82E-02,2.24E-01,9.80E-01,1.00E+00
9.16E-01,1.45E-01,nan,nan,nan,nan,nan,nan,nan,nan,nan,nan,nan,nan,nan,nan,nan,nan,nan,nan,nan,nan,nan,nan,nan,nan,nan,nan,nan
9.16E-01,1.51E-01,5.71E-01,6.14E-01,4.92E-01,1.51E-01,6.48E-02,2.50E-02,6.48E-02,2.50E-02,1.27E-02,2.44E+05,8.00E+05,7.20E+05,8.74E+05,1.05E+06,8.76E+05,1.79E+05,1.49E+05,2.16E+04,7.82E+03,1.86E-04,2.09E-04,1.51E-04,1.34E-02,1.89E-02,1.81E-01,8.80E-01,1.00E+00
9.16E-01,1.57E-01,5.79E-01,6.23E-01,4.71E-01,1.57E-01,6.63E-02,2.50E-02,6.63E-02,2.50E-02,1.32E-02,2.44E+05,8.36E+05,7.52E+05,9.10E+05,1.08E+06,8.65E+05,1.91E+05,1.64E+05,2.18E+04,5.65E+03,1.96E-04,2.17E-04,1.44E-04,1.29E-02,1.88E-02,1.91E-01,9.07E-01,1.00E+00
9.16E-01,1.64E-01,5.86E-01,6.31E-01,4.50E-01,1.64E-01,6.78E-02,2.50E-02,6.78E-02,2.50E-02,1.37E-02,2.44E+05,8.72E+05,7.84E+05,9.45E+05,1.11E+06,8.54E+05,2.04E+05,1.79E+05,2.20E+04,3.48E+03,2.05E-04,2.25E-04,1.38E-04,1.24E-02,1.87E-02,2.03E-01,9.32E-01,1.00E+00
9.16E-01,1.70E-01,5.92E-01,6.39E-01,4.29E-01,1.70E-01,6.92E-02,2.50E-02,6.92E-02,2.50E-02,1.43E-02,2.44E+05,9.07E+05,8.17E+05,9.81E+05,1.15E+06,8.43E+05,2.18E+05,1.95E+05,2.21E+04,1.31E+03,2.15E-04,2.33E-04,1.32E-04,1.20E-02,1.87E-02,2.16E-01,9.58E-01,1.00E+00
9.16E-01,1.76E-01,5.97E-01,6.43E-01,4.17E-01,1.76E-01,7.10E-02,2.54E-02,7.10E-02,2.54E-02,1.48E-02,2.44E+05,9.40E+05,8.45E+05,1.01E+06,1.18E+06,8.41E+05,2.32E+05,2.10E+05,2.23E+04,-2.00E+02,2.24E-04,2.40E-04,1.30E-04,1.16E-02,1.85E-02,2.20E-01,9.82E-01,1.00E+00
9.25E-01,1.45E-01,nan,nan,nan,nan,nan,nan,nan,nan,nan,nan,nan,nan,nan,nan,nan,nan,nan,nan,nan,nan,nan,nan,nan,nan,nan,nan,nan
9.25E-01,1.51E-01,nan,nan,nan,nan,nan,nan,nan,nan,nan,nan,nan,nan,nan,nan,nan,nan,nan,nan,nan,nan,nan,nan,nan,nan,nan,nan,nan
9.25E-01,1.57E-01,nan,nan,nan,nan,nan,nan,nan,nan,nan,nan,nan,nan,nan,nan,nan,nan,nan,nan,nan,nan,nan,nan,nan,nan,nan,nan,nan
9.25E-01,1.64E-01,nan,nan,nan,nan,nan,nan,nan,nan,nan,nan,nan,nan,nan,nan,nan,nan,nan,nan,nan,nan,nan,nan,nan,nan,nan,nan,nan
9.25E-01,1.70E-01,5.92E-01,6.39E-01,4.90E-01,1.70E-01,6.92E-02,2.50E-02,6.92E-02,2.50E-02,1.27E-02,2.44E+05,9.07E+05,8.17E+05,9.81E+05,1.15E+06,9.18E+05,2.22E+05,1.95E+05,2.21E+04,5.06E+03,2.15E-04,2.33E-04,1.53E-04,1.20E-02,1.87E-02,2.04E-01,9.58E-01,1.00E+00
9.25E-01,1.76E-01,5.99E-01,6.46E-01,4.72E-01,1.76E-01,7.07E-02,2.50E-02,7.07E-02,2.50E-02,1.32E-02,2.44E+05,9.43E+05,8.49E+05,1.02E+06,1.18E+06,9.09E+05,2.36E+05,2.11E+05,2.23E+04,3.00E+03,2.24E-04,2.41E-04,1.48E-04,1.16E-02,1.86E-02,2.15E-01,9.83E-01,1.00E+00
,,,,,,,,,,,,,,,,,,,,,,,,,,,,
Upper lim,,,,,,,,,,,,,,,,,,,,,,,,,,,,
RR,0.88,0.889,,,,,,,3.00E+00,,,,,,,,,,,,,,,,,,,
Flow,0.164,0.164,,,,,,,,,,,,,,,,,,,,,,,,,,
Flow,590.4,590.4,,,,,,,,,,,,,,,,,,,,,,,,,,
Lower lim,,,,,,,,,,,,,,,,,,,,,,,,,,,,
RR,0.916,0.925,,,,,,,,,,,,,,,,,,,,,,,,,,
Flow,0.151,0.17,,,,,,,,,,,,,,,,,,,,,,,,,,
Flow,543.6,612,,,,,,,,,,,,,,,,,,,,,,,,,,
